Flight_ID,Boarding,Destination,Date,Time 
1,Delhi,Bangalore,11/25/2022,2:00 AM
2,Hyderabad,Kolkata,11/25/2022,3:00 AM
3,Bangalore,Hyderabad,11/25/2022,4:00 AM
4,Hyderabad,Delhi,11/25/2022,5:00 AM
5,Kolkata,Bangalore,11/25/2022,6:00 AM
6,Hyderabad,Bangalore,11/25/2022,7:00 AM
7,Delhi,Kolkata,11/25/2022,8:00 AM
8,Bangalore,Kolkata,11/25/2022,9:00 AM
9,Delhi ,Hyderabad,11/25/2022,10:00 AM
10,Delhi,Bangalore,11/25/2022,11:00 AM
11,Hyderabad,Kolkata,11/25/2022,12:00 PM
12,Bangalore,Hyderabad,11/25/2022,1:00 PM
13,Hyderabad,Delhi,11/25/2022,2:00 PM
14,Kolkata,Bangalore,11/25/2022,3:00 PM
15,Hyderabad,Bangalore,11/25/2022,4:00 PM
16,Delhi,Kolkata,11/25/2022,5:00 PM
17,Bangalore,Kolkata,11/25/2022,6:00 PM
18,Cochin,Bhopal,11/25/2022,2:00 AM
19,Hyderabad,goa,11/25/2022,3:00 AM
20,Bhopal,Hyderabad,11/25/2022,4:00 AM
21,Hyderabad,Cochin,11/25/2022,5:00 AM
22,goa,Bhopal,11/25/2022,6:00 AM
23,Hyderabad,Bhopal,11/25/2022,7:00 AM
24,Cochin,goa,11/25/2022,8:00 AM
25,Bhopal,goa,11/25/2022,9:00 AM
26,Cochin ,Hyderabad,11/25/2022,10:00 AM
27,Cochin,Bhopal,11/25/2022,11:00 AM
28,Hyderabad,goa,11/25/2022,12:00 PM
29,Bhopal,Hyderabad,11/25/2022,1:00 PM
30,Hyderabad,Cochin,11/25/2022,2:00 PM
31,goa,Bhopal,11/25/2022,3:00 PM
32,Hyderabad,Bhopal,11/25/2022,4:00 PM
33,Cochin,goa,11/25/2022,5:00 PM
34,Bhopal,goa,11/25/2022,6:00 PM
35,vizag,Hyderabad,11/25/2022,1:00 PM
36,Delhi,Bangalore,11/25/2022,2:00 AM
37,Hyderabad,Kolkata,11/25/2022,3:00 AM
38,Bangalore,Hyderabad,11/25/2022,4:00 AM
39,Hyderabad,Delhi,11/25/2022,5:00 AM
40,Kolkata,Bangalore,11/25/2022,6:00 AM
41,Hyderabad,Bangalore,11/25/2022,7:00 AM
42,Delhi,Kolkata,11/25/2022,8:00 AM
43,Bangalore,Kolkata,11/25/2022,9:00 AM
44,Delhi ,Hyderabad,11/25/2022,10:00 AM
45,Delhi,Bangalore,11/25/2022,11:00 AM
46,Hyderabad,Kolkata,11/25/2022,12:00 PM
47,Bangalore,Hyderabad,11/25/2022,1:00 PM
48,Hyderabad,Delhi,11/25/2022,2:00 PM
49,Kolkata,Bangalore,11/25/2022,3:00 PM
50,Hyderabad,Bangalore,11/25/2022,4:00 PM
51,Delhi,Kolkata,11/25/2022,5:00 PM
52,Bangalore,Kolkata,11/25/2022,6:00 PM
53,Cochin,Bhopal,11/25/2022,2:00 AM
54,Hyderabad,goa,11/25/2022,3:00 AM
55,Bhopal,Hyderabad,11/25/2022,4:00 AM
56,Hyderabad,Cochin,11/25/2022,5:00 AM
57,goa,Bhopal,11/25/2022,6:00 AM
58,Hyderabad,Bhopal,11/25/2022,7:00 AM
59,Cochin,goa,11/25/2022,8:00 AM
60,Bhopal,goa,11/25/2022,9:00 AM
61,Cochin ,Hyderabad,11/25/2022,10:00 AM
62,Cochin,Bhopal,11/25/2022,11:00 AM
63,Hyderabad,goa,11/25/2022,12:00 PM
64,Bhopal,Hyderabad,11/25/2022,1:00 PM
65,Hyderabad,Cochin,11/25/2022,2:00 PM
66,goa,Bhopal,11/25/2022,3:00 PM
67,Hyderabad,Bhopal,11/25/2022,4:00 PM
68,Cochin,goa,11/25/2022,5:00 PM
69,Bhopal,goa,11/25/2022,6:00 PM
70,Delhi,Bangalore,11/26/2022,2:00 AM
71,Hyderabad,Kolkata,11/26/2022,3:00 AM
72,Bangalore,Hyderabad,11/26/2022,4:00 AM
73,Hyderabad,Delhi,11/26/2022,5:00 AM
74,Kolkata,Bangalore,11/26/2022,6:00 AM
75,Hyderabad,Bangalore,11/26/2022,7:00 AM
76,Delhi,Kolkata,11/26/2022,8:00 AM
77,Bangalore,Kolkata,11/26/2022,9:00 AM
78,Delhi ,Hyderabad,11/26/2022,10:00 AM
79,Delhi,Bangalore,11/26/2022,11:00 AM
80,Hyderabad,Kolkata,11/26/2022,12:00 PM
81,Bangalore,Hyderabad,11/26/2022,1:00 PM
82,Hyderabad,Delhi,11/26/2022,2:00 PM
83,Kolkata,Bangalore,11/26/2022,3:00 PM
84,Hyderabad,Bangalore,11/26/2022,4:00 PM
85,Delhi,Kolkata,11/26/2022,5:00 PM
86,Bangalore,Kolkata,11/26/2022,6:00 PM
87,Cochin,Bhopal,11/26/2022,2:00 AM
88,Hyderabad,goa,11/26/2022,3:00 AM
89,Bhopal,Hyderabad,11/26/2022,4:00 AM
90,Hyderabad,Cochin,11/26/2022,5:00 AM
91,goa,Bhopal,11/26/2022,6:00 AM
92,Hyderabad,Bhopal,11/26/2022,7:00 AM
93,Cochin,goa,11/26/2022,8:00 AM
94,Bhopal,goa,11/26/2022,9:00 AM
95,Cochin ,Hyderabad,11/26/2022,10:00 AM
96,Cochin,Bhopal,11/26/2022,11:00 AM
97,Hyderabad,goa,11/26/2022,12:00 PM
98,Bhopal,Hyderabad,11/26/2022,1:00 PM
99,Hyderabad,Cochin,11/26/2022,2:00 PM
100,goa,Bhopal,11/26/2022,3:00 PM
101,Hyderabad,Bhopal,11/26/2022,4:00 PM
102,Cochin,goa,11/26/2022,5:00 PM
103,Bhopal,goa,11/26/2022,6:00 PM
104,vizag,Hyderabad,11/26/2022,1:00 PM
105,Delhi,Bangalore,11/26/2022,2:00 AM
106,Hyderabad,Kolkata,11/26/2022,3:00 AM
107,Bangalore,Hyderabad,11/26/2022,4:00 AM
108,Hyderabad,Delhi,11/26/2022,5:00 AM
109,Kolkata,Bangalore,11/26/2022,6:00 AM
110,Hyderabad,Bangalore,11/26/2022,7:00 AM
111,Delhi,Kolkata,11/26/2022,8:00 AM
112,Bangalore,Kolkata,11/26/2022,9:00 AM
113,Delhi ,Hyderabad,11/26/2022,10:00 AM
114,Delhi,Bangalore,11/26/2022,11:00 AM
115,Hyderabad,Kolkata,11/26/2022,12:00 PM
116,Bangalore,Hyderabad,11/26/2022,1:00 PM
117,Hyderabad,Delhi,11/26/2022,2:00 PM
118,Kolkata,Bangalore,11/26/2022,3:00 PM
119,Hyderabad,Bangalore,11/26/2022,4:00 PM
120,Delhi,Kolkata,11/26/2022,5:00 PM
121,Bangalore,Kolkata,11/26/2022,6:00 PM
122,Cochin,Bhopal,11/26/2022,2:00 AM
123,Hyderabad,goa,11/26/2022,3:00 AM
124,Bhopal,Hyderabad,11/26/2022,4:00 AM
125,Hyderabad,Cochin,11/26/2022,5:00 AM
126,goa,Bhopal,11/26/2022,6:00 AM
127,Hyderabad,Bhopal,11/26/2022,7:00 AM
128,Cochin,goa,11/26/2022,8:00 AM
129,Bhopal,goa,11/26/2022,9:00 AM
130,Cochin ,Hyderabad,11/26/2022,10:00 AM
131,Cochin,Bhopal,11/26/2022,11:00 AM
132,Hyderabad,goa,11/26/2022,12:00 PM
133,Bhopal,Hyderabad,11/26/2022,1:00 PM
134,Hyderabad,Cochin,11/26/2022,2:00 PM
135,goa,Bhopal,11/26/2022,3:00 PM
136,Hyderabad,Bhopal,11/26/2022,4:00 PM
137,Cochin,goa,11/26/2022,5:00 PM
138,Bhopal,goa,11/26/2022,6:00 PM
139,Delhi,Bangalore,11/26/2022,2:00 PM
140,Hyderabad,Kolkata,11/26/2022,3:00 PM
141,Bangalore,Hyderabad,11/26/2022,4:00 PM
142,Hyderabad,Delhi,11/26/2022,5:00 PM
143,Kolkata,Bangalore,11/26/2022,6:00 PM
144,Hyderabad,Bangalore,11/26/2022,7:00 PM
145,Delhi,Kolkata,11/26/2022,8:00 PM
146,Bangalore,Kolkata,11/26/2022,9:00 PM
147,Delhi ,Hyderabad,11/26/2022,10:00 PM
148,Delhi,Bangalore,11/26/2022,11:00 PM
149,Hyderabad,Kolkata,11/26/2022,12:00 AM
150,Bangalore,Hyderabad,11/26/2022,1:00 AM
151,Hyderabad,Delhi,11/26/2022,2:00 AM
152,Kolkata,Bangalore,11/26/2022,3:00 AM
153,Hyderabad,Bangalore,11/26/2022,4:00 AM
154,Delhi,Kolkata,11/26/2022,5:00 AM
155,Bangalore,Kolkata,11/26/2022,6:00 AM
156,Cochin,Bhopal,11/26/2022,2:00 PM
157,Hyderabad,goa,11/26/2022,3:00 PM
158,Bhopal,Hyderabad,11/26/2022,4:00 PM
159,Hyderabad,Cochin,11/26/2022,5:00 PM
160,goa,Bhopal,11/26/2022,6:00 PM
161,Hyderabad,Bhopal,11/26/2022,7:00 PM
162,Cochin,goa,11/26/2022,8:00 PM
163,Bhopal,goa,11/26/2022,9:00 PM
164,Cochin ,Hyderabad,11/26/2022,10:00 PM
165,Cochin,Bhopal,11/26/2022,11:00 PM
166,Hyderabad,goa,11/26/2022,12:00 AM
167,Bhopal,Hyderabad,11/26/2022,1:00 AM
168,Hyderabad,Cochin,11/26/2022,2:00 AM
169,goa,Bhopal,11/26/2022,3:00 AM
170,Hyderabad,Bhopal,11/26/2022,4:00 AM
171,Cochin,goa,11/26/2022,5:00 AM
172,Bhopal,goa,11/26/2022,6:00 AM
173,vizag,Hyderabad,11/26/2022,1:00 AM
174,Delhi,Bangalore,11/26/2022,2:00 PM
175,Hyderabad,Kolkata,11/26/2022,3:00 PM
176,Bangalore,Hyderabad,11/26/2022,4:00 PM
177,Hyderabad,Delhi,11/26/2022,5:00 PM
178,Kolkata,Bangalore,11/26/2022,6:00 PM
179,Hyderabad,Bangalore,11/26/2022,7:00 PM
180,Delhi,Kolkata,11/26/2022,8:00 PM
181,Bangalore,Kolkata,11/26/2022,9:00 PM
182,Delhi ,Hyderabad,11/26/2022,10:00 PM
183,Delhi,Bangalore,11/26/2022,11:00 PM
184,Hyderabad,Kolkata,11/26/2022,12:00 AM
185,Bangalore,Hyderabad,11/26/2022,1:00 AM
186,Hyderabad,Delhi,11/26/2022,2:00 AM
187,Kolkata,Bangalore,11/26/2022,3:00 AM
188,Hyderabad,Bangalore,11/26/2022,4:00 AM
189,Delhi,Kolkata,11/26/2022,5:00 AM
190,Bangalore,Kolkata,11/26/2022,6:00 AM
191,Cochin,Bhopal,11/26/2022,2:00 PM
192,Hyderabad,goa,11/26/2022,3:00 PM
193,Bhopal,Hyderabad,11/26/2022,4:00 PM
194,Hyderabad,Cochin,11/26/2022,5:00 PM
195,goa,Bhopal,11/26/2022,6:00 PM
196,Hyderabad,Bhopal,11/26/2022,7:00 PM
197,Cochin,goa,11/26/2022,8:00 PM
198,Bhopal,goa,11/26/2022,9:00 PM
199,Cochin ,Hyderabad,11/26/2022,10:00 PM
200,Cochin,Bhopal,11/26/2022,11:00 PM
201,Hyderabad,goa,11/26/2022,12:00 AM
202,Bhopal,Hyderabad,11/26/2022,1:00 AM
203,Hyderabad,Cochin,11/26/2022,2:00 AM
204,goa,Bhopal,11/26/2022,3:00 AM
205,Hyderabad,Bhopal,11/26/2022,4:00 AM
206,Cochin,goa,11/26/2022,5:00 AM
207,Bhopal,goa,11/26/2022,6:00 AM
208,Delhi,Bangalore,11/27/2022,2:00 AM
209,Hyderabad,Kolkata,11/27/2022,3:00 AM
210,Bangalore,Hyderabad,11/27/2022,4:00 AM
211,Hyderabad,Delhi,11/27/2022,5:00 AM
212,Kolkata,Bangalore,11/27/2022,6:00 AM
213,Hyderabad,Bangalore,11/27/2022,7:00 AM
214,Delhi,Kolkata,11/27/2022,8:00 AM
215,Bangalore,Kolkata,11/27/2022,9:00 AM
216,Delhi ,Hyderabad,11/27/2022,10:00 AM
217,Delhi,Bangalore,11/27/2022,11:00 AM
218,Hyderabad,Kolkata,11/27/2022,12:00 PM
219,Bangalore,Hyderabad,11/27/2022,1:00 PM
220,Hyderabad,Delhi,11/27/2022,2:00 PM
221,Kolkata,Bangalore,11/27/2022,3:00 PM
222,Hyderabad,Bangalore,11/27/2022,4:00 PM
223,Delhi,Kolkata,11/27/2022,5:00 PM
224,Bangalore,Kolkata,11/27/2022,6:00 PM
225,Cochin,Bhopal,11/27/2022,2:00 AM
226,Hyderabad,goa,11/27/2022,3:00 AM
227,Bhopal,Hyderabad,11/27/2022,4:00 AM
228,Hyderabad,Cochin,11/27/2022,5:00 AM
229,goa,Bhopal,11/27/2022,6:00 AM
230,Hyderabad,Bhopal,11/27/2022,7:00 AM
231,Cochin,goa,11/27/2022,8:00 AM
232,Bhopal,goa,11/27/2022,9:00 AM
233,Cochin ,Hyderabad,11/27/2022,10:00 AM
234,Cochin,Bhopal,11/27/2022,11:00 AM
235,Hyderabad,goa,11/27/2022,12:00 PM
236,Bhopal,Hyderabad,11/27/2022,1:00 PM
237,Hyderabad,Cochin,11/27/2022,2:00 PM
238,goa,Bhopal,11/27/2022,3:00 PM
239,Hyderabad,Bhopal,11/27/2022,4:00 PM
240,Cochin,goa,11/27/2022,5:00 PM
241,Bhopal,goa,11/27/2022,6:00 PM
242,vizag,Hyderabad,11/27/2022,1:00 PM
243,Delhi,Bangalore,11/27/2022,2:00 AM
244,Hyderabad,Kolkata,11/27/2022,3:00 AM
245,Bangalore,Hyderabad,11/27/2022,4:00 AM
246,Hyderabad,Delhi,11/27/2022,5:00 AM
247,Kolkata,Bangalore,11/27/2022,6:00 AM
248,Hyderabad,Bangalore,11/27/2022,7:00 AM
249,Delhi,Kolkata,11/27/2022,8:00 AM
250,Bangalore,Kolkata,11/27/2022,9:00 AM
251,Delhi ,Hyderabad,11/27/2022,10:00 AM
252,Delhi,Bangalore,11/27/2022,11:00 AM
253,Hyderabad,Kolkata,11/27/2022,12:00 PM
254,Bangalore,Hyderabad,11/27/2022,1:00 PM
255,Hyderabad,Delhi,11/27/2022,2:00 PM
256,Kolkata,Bangalore,11/27/2022,3:00 PM
257,Hyderabad,Bangalore,11/27/2022,4:00 PM
258,Delhi,Kolkata,11/27/2022,5:00 PM
259,Bangalore,Kolkata,11/27/2022,6:00 PM
260,Cochin,Bhopal,11/27/2022,2:00 AM
261,Hyderabad,goa,11/27/2022,3:00 AM
262,Bhopal,Hyderabad,11/27/2022,4:00 AM
263,Hyderabad,Cochin,11/27/2022,5:00 AM
264,goa,Bhopal,11/27/2022,6:00 AM
265,Hyderabad,Bhopal,11/27/2022,7:00 AM
266,Cochin,goa,11/27/2022,8:00 AM
267,Bhopal,goa,11/27/2022,9:00 AM
268,Cochin ,Hyderabad,11/27/2022,10:00 AM
269,Cochin,Bhopal,11/27/2022,11:00 AM
270,Hyderabad,goa,11/27/2022,12:00 PM
271,Bhopal,Hyderabad,11/27/2022,1:00 PM
272,Hyderabad,Cochin,11/27/2022,2:00 PM
273,goa,Bhopal,11/27/2022,3:00 PM
274,Hyderabad,Bhopal,11/27/2022,4:00 PM
275,Cochin,goa,11/27/2022,5:00 PM
276,Bhopal,goa,11/27/2022,6:00 PM
277,Delhi,Bangalore,11/27/2022,2:00 PM
278,Hyderabad,Kolkata,11/27/2022,3:00 PM
279,Bangalore,Hyderabad,11/27/2022,4:00 PM
280,Hyderabad,Delhi,11/27/2022,5:00 PM
281,Kolkata,Bangalore,11/27/2022,6:00 PM
282,Hyderabad,Bangalore,11/27/2022,7:00 PM
283,Delhi,Kolkata,11/27/2022,8:00 PM
284,Bangalore,Kolkata,11/27/2022,9:00 PM
285,Delhi ,Hyderabad,11/27/2022,10:00 PM
286,Delhi,Bangalore,11/27/2022,11:00 PM
287,Hyderabad,Kolkata,11/27/2022,12:00 AM
288,Bangalore,Hyderabad,11/27/2022,1:00 AM
289,Hyderabad,Delhi,11/27/2022,2:00 AM
290,Kolkata,Bangalore,11/27/2022,3:00 AM
291,Hyderabad,Bangalore,11/27/2022,4:00 AM
292,Delhi,Kolkata,11/27/2022,5:00 AM
293,Bangalore,Kolkata,11/27/2022,6:00 AM
294,Cochin,Bhopal,11/27/2022,2:00 PM
295,Hyderabad,goa,11/27/2022,3:00 PM
296,Bhopal,Hyderabad,11/27/2022,4:00 PM
297,Hyderabad,Cochin,11/27/2022,5:00 PM
298,goa,Bhopal,11/27/2022,6:00 PM
299,Hyderabad,Bhopal,11/27/2022,7:00 PM
300,Cochin,goa,11/27/2022,8:00 PM
,,,,
,,,,
,,,,
,,,,
,,,,
,,,,
,,,,
,,,,
,,,,
,,,,
,,,,
,,,,
,,,,
,,,,
,,,,
,,,,
,,,,
,,,,
,,,,
,,,,
,,,,
,,,,
,,,,
,,,,
,,,,
,,,,
,,,,
,,,,
,,,,
,,,,
,,,,
,,,,
,,,,
,,,,
,,,,
,,,,
,,,,
,,,,
,,,,
,,,,
,,,,
,,,,
,,,,
,,,,
,,,,
,,,,
,,,,
,,,,
,,,,
,,,,
,,,,
,,,,
,,,,
,,,,
,,,,
,,,,
,,,,
,,,,
,,,,
,,,,
,,,,
,,,,
,,,,
,,,,
,,,,
,,,,
,,,,
,,,,
,,,,
,,,,
,,,,
,,,,
,,,,
,,,,
,,,,
,,,,
,,,,
,,,,
,,,,
,,,,
,,,,
,,,,
,,,,
,,,,
,,,,
,,,,
,,,,
,,,,
,,,,
,,,,
,,,,
,,,,
,,,,
,,,,
,,,,
,,,,
,,,,
,,,,
,,,,
,,,,
,,,,
,,,,
,,,,
,,,,
,,,,
,,,,
,,,,
,,,,
,,,,
,,,,
,,,,
,,,,
,,,,
,,,,
,,,,
,,,,
,,,,
,,,,
,,,,
,,,,
,,,,
,,,,
,,,,
,,,,
,,,,
,,,,
,,,,
,,,,
,,,,
,,,,
,,,,
,,,,
,,,,
,,,,
,,,,
,,,,
,,,,
,,,,
,,,,
,,,,
,,,,
,,,,
,,,,
,,,,
,,,,
,,,,
,,,,
,,,,
,,,,
,,,,
,,,,
,,,,
,,,,
,,,,
,,,,
,,,,
,,,,
,,,,
,,,,
,,,,
,,,,
,,,,
,,,,
,,,,
,,,,
,,,,
,,,,
,,,,
,,,,
,,,,
,,,,
,,,,
,,,,
,,,,
,,,,
,,,,
,,,,
,,,,
,,,,
,,,,
,,,,
,,,,
,,,,
,,,,
,,,,
,,,,
,,,,
,,,,
,,,,
,,,,
,,,,
,,,,
,,,,
,,,,
,,,,
,,,,
,,,,
,,,,
,,,,
,,,,
,,,,
,,,,
,,,,
,,,,
,,,,
,,,,
,,,,
,,,,
,,,,
,,,,
,,,,
,,,,
,,,,
,,,,
,,,,
,,,,
,,,,
,,,,
,,,,
,,,,
,,,,
,,,,
,,,,
,,,,
,,,,
,,,,
,,,,
,,,,
,,,,
,,,,
,,,,
,,,,
,,,,
,,,,
,,,,
,,,,
,,,,
,,,,
,,,,
,,,,
,,,,
,,,,
,,,,
,,,,
,,,,
,,,,
,,,,
,,,,
,,,,
,,,,
,,,,
,,,,
,,,,
,,,,
,,,,
,,,,
,,,,
,,,,
,,,,
,,,,
,,,,
,,,,
,,,,
,,,,
,,,,
,,,,
,,,,
,,,,
,,,,
,,,,
,,,,
,,,,
,,,,
,,,,
,,,,
,,,,
,,,,
,,,,
,,,,
,,,,
,,,,
,,,,
,,,,
,,,,
,,,,
,,,,
,,,,
,,,,
,,,,
,,,,
,,,,
,,,,
,,,,
,,,,
,,,,
,,,,
,,,,
,,,,
,,,,
,,,,
,,,,
,,,,
,,,,
,,,,
,,,,
,,,,
,,,,
,,,,
,,,,
,,,,
,,,,
,,,,
,,,,
,,,,
,,,,
,,,,
,,,,
,,,,
,,,,
,,,,
,,,,
,,,,
,,,,
,,,,
,,,,
,,,,
,,,,
,,,,
,,,,
,,,,
,,,,
,,,,
,,,,
,,,,
,,,,
,,,,
,,,,
,,,,
,,,,
,,,,
,,,,
,,,,
,,,,
,,,,
,,,,
,,,,
,,,,
,,,,
,,,,
,,,,
,,,,
,,,,
,,,,
,,,,
,,,,
,,,,
,,,,
,,,,
,,,,
,,,,
,,,,
,,,,
,,,,
,,,,
,,,,
,,,,
,,,,
,,,,
,,,,
,,,,
,,,,
,,,,
,,,,
,,,,
,,,,
,,,,
,,,,
,,,,
,,,,
,,,,
,,,,
,,,,
,,,,
,,,,
,,,,
,,,,
,,,,
,,,,
,,,,
,,,,
,,,,
,,,,
,,,,
,,,,
,,,,
,,,,
,,,,
,,,,
,,,,
,,,,
,,,,
,,,,
,,,,
,,,,
,,,,
,,,,
,,,,
,,,,
,,,,
,,,,
,,,,
,,,,
,,,,
,,,,
,,,,
,,,,
,,,,
,,,,
,,,,
,,,,
,,,,
,,,,
,,,,
,,,,
,,,,
,,,,
,,,,
,,,,
,,,,
,,,,
,,,,
,,,,
,,,,
,,,,
,,,,
,,,,
,,,,
,,,,
,,,,
,,,,
,,,,
,,,,
,,,,
,,,,
,,,,
,,,,
,,,,
,,,,
,,,,
,,,,
,,,,
,,,,
,,,,
,,,,
,,,,
,,,,
,,,,
,,,,
,,,,
